hunk,eel_score,gold_score,merged_score
astropy__astropy-12057|H1,1.4211,,1.4211
astropy__astropy-12057|H2,-0.0841,1.5969,1.5969
astropy__astropy-12057|H3,-0.1237,,-0.1237
astropy__astropy-12057|H4,-0.1483,1.4023,1.4023
astropy__astropy-13162|H1,-0.1666,,-0.1666
astropy__astropy-13162|H2,-0.1843,1.6757,1.6757
astropy__astropy-13162|H3,-0.1993,,-0.1993
astropy__astropy-13404|H1,-0.3849,1.5295,1.5295
astropy__astropy-13404|H2,-0.3617,,-0.3617
astropy__astropy-13417|H1,-0.3204,1.5139,1.5139
astropy__astropy-13417|H2,-0.3529,1.5139,1.5139
astropy__astropy-13417|H3,-0.2935,,-0.2935
astropy__astropy-13417|H4,-0.2838,,-0.2838
astropy__astropy-13417|H5,-0.2338,,-0.2338
astropy__astropy-13417|H6,-0.3204,1.5139,1.5139
astropy__astropy-13734|H1,-0.3486,1.6209,1.6209
astropy__astropy-13734|H2,-0.2885,1.3096,1.3096
astropy__astropy-13734|H3,-0.2414,,-0.2414
astropy__astropy-13734|H4,-0.2636,1.6510,1.6510
astropy__astropy-13734|H5,-0.3146,1.7049,1.7049
astropy__astropy-13734|H6,-0.2564,1.4073,1.4073
django__django-10531|H1,0.0255,1.6975,1.6975
django__django-10531|H2,-0.0289,,-0.0289
django__django-15103|H1,1.7813,,1.7813
django__django-15103|H2,-0.2881,,-0.2881
django__django-15103|H3,1.6256,1.6586,1.6586
django__django-15252|H1,-0.3320,1.5929,1.5929
django__django-15252|H2,-0.2905,,-0.2905
django__django-15252|H3,-0.3387,,-0.3387
django__django-15252|H4,-0.2914,,-0.2914
django__django-16315|H1,-0.0401,1.7061,1.7061
django__django-16315|H2,-0.0466,,-0.0466
django__django-16910|H1,-0.0438,1.6386,1.6386
django__django-16910|H2,0.0207,,0.0207
django__django-16910|H3,-0.0094,,-0.0094
matplotlib__matplotlib-20816|H1,-0.2992,1.3286,1.3286
matplotlib__matplotlib-20816|H2,-0.4104,1.3286,1.3286
matplotlib__matplotlib-20816|H3,-0.3762,,-0.3762
matplotlib__matplotlib-23198|H1,-0.1436,,-0.1436
matplotlib__matplotlib-23198|H2,-0.1340,1.2070,1.2070
matplotlib__matplotlib-23573|H1,0.8298,,0.8298
matplotlib__matplotlib-23573|H2,0.8905,1.0535,1.0535
matplotlib__matplotlib-23573|H3,0.1147,,0.1147
matplotlib__matplotlib-24912|H1,0.0962,,0.0962
matplotlib__matplotlib-24912|H2,0.0978,1.6478,1.6478
matplotlib__matplotlib-24912|H3,0.0878,1.6478,1.6478
matplotlib__matplotlib-26341|H1,-0.1244,,-0.1244
matplotlib__matplotlib-26341|H2,-0.1728,1.5306,1.5306
matplotlib__matplotlib-26341|H3,-0.1373,1.5306,1.5306
matplotlib__matplotlib-26341|H4,-0.0981,1.0766,1.0766
pydata__xarray-4182|H1,1.4039,,1.4039
pydata__xarray-4182|H2,-0.2569,,-0.2569
pydata__xarray-4182|H3,-0.3064,,-0.3064
pydata__xarray-4182|H4,1.3662,1.5047,1.5047
pydata__xarray-4182|H5,-0.3292,,-0.3292
pydata__xarray-5126|H1,0.9552,0.9684,0.9684
pydata__xarray-5126|H2,0.3259,1.1925,1.1925
pydata__xarray-5126|H3,-0.2806,,-0.2806
pydata__xarray-5126|H4,1.0577,1.0881,1.0881
pydata__xarray-5126|H5,0.5367,0.8910,0.8910
pydata__xarray-5126|H6,-0.0480,1.4853,1.4853
pydata__xarray-5731|H1,0.0178,,0.0178
pydata__xarray-5731|H2,0.0398,,0.0398
pydata__xarray-5731|H3,0.0369,,0.0369
pydata__xarray-5731|H4,1.0486,1.0245,1.0245
pydata__xarray-5731|H5,-0.0027,,-0.0027
pydata__xarray-5731|H6,0.0948,,0.0948
pydata__xarray-7391|H1,-0.0655,1.4182,1.4182
pydata__xarray-7391|H2,-0.1055,,-0.1055
pydata__xarray-7391|H3,-0.1054,1.4182,1.4182
pydata__xarray-7400|H1,-0.1326,1.4800,1.4800
pydata__xarray-7400|H2,0.8948,0.9479,0.9479
pydata__xarray-7400|H3,-0.1447,1.4505,1.4505
pydata__xarray-7400|H4,-0.1710,,-0.1710
pylint-dev__pylint-4398|H1,0.5873,1.5425,1.5425
pylint-dev__pylint-4398|H2,0.0318,,0.0318
pylint-dev__pylint-4398|H3,0.1385,1.5801,1.5801
pylint-dev__pylint-4398|H4,0.4319,,0.4319
pylint-dev__pylint-4492|H1,-0.0224,1.5071,1.5071
pylint-dev__pylint-4492|H2,0.7164,,0.7164
pylint-dev__pylint-4492|H3,-0.0041,,-0.0041
pylint-dev__pylint-4492|H4,0.0560,1.6827,1.6827
pytest-dev__pytest-5254|H1,-0.2765,,-0.2765
pytest-dev__pytest-5254|H2,1.4811,,1.4811
pytest-dev__pytest-5254|H3,-0.3079,1.7607,1.7607
pytest-dev__pytest-5254|H4,-0.2247,,-0.2247
pytest-dev__pytest-9133|H1,0.1430,1.6107,1.6107
pytest-dev__pytest-9133|H2,1.0487,,1.0487
pytest-dev__pytest-9133|H3,0.3167,1.7752,1.7752
pytest-dev__pytest-9133|H4,1.2569,1.7111,1.7111
pytest-dev__pytest-9133|H5,0.1768,1.7752,1.7752
pytest-dev__pytest-9956|H1,0.7971,0.7828,0.7828
pytest-dev__pytest-9956|H2,-0.1828,,-0.1828
pytest-dev__pytest-9956|H3,0.9599,0.9730,0.9730
scikit-learn__scikit-learn-12827|H1,-0.0045,,-0.0045
scikit-learn__scikit-learn-12827|H2,0.2109,1.6487,1.6487
scikit-learn__scikit-learn-13485|H1,0.0155,,0.0155
scikit-learn__scikit-learn-13485|H2,0.0116,1.2316,1.2316
scikit-learn__scikit-learn-13485|H3,0.0716,,0.0716
scikit-learn__scikit-learn-14806|H1,-0.0180,1.3769,1.3769
scikit-learn__scikit-learn-14806|H2,0.1233,,0.1233
scikit-learn__scikit-learn-14806|H3,-0.0289,1.5632,1.5632
scikit-learn__scikit-learn-14806|H4,-0.0526,,-0.0526
scikit-learn__scikit-learn-15028|H1,-0.2520,,-0.2520
scikit-learn__scikit-learn-15028|H2,-0.1781,1.4425,1.4425
scikit-learn__scikit-learn-15028|H3,-0.1732,1.4425,1.4425
scikit-learn__scikit-learn-15028|H4,-0.1838,,-0.1838
scikit-learn__scikit-learn-15028|H5,-0.0839,1.4344,1.4344
scikit-learn__scikit-learn-15028|H6,-0.1647,1.4425,1.4425
scikit-learn__scikit-learn-15094|H1,-0.1072,,-0.1072
scikit-learn__scikit-learn-15094|H2,-0.1349,1.3762,1.3762
scikit-learn__scikit-learn-15094|H3,-0.1264,1.3762,1.3762
scikit-learn__scikit-learn-15094|H4,-0.1049,1.3762,1.3762
sphinx-doc__sphinx-8264|H1,-0.0892,1.4427,1.4427
sphinx-doc__sphinx-8264|H2,-0.0812,,-0.0812
sphinx-doc__sphinx-8291|H1,0.0262,,0.0262
sphinx-doc__sphinx-8291|H2,0.8940,,0.8940
sphinx-doc__sphinx-8291|H3,0.0457,,0.0457
sphinx-doc__sphinx-8291|H4,-0.0931,,-0.0931
sphinx-doc__sphinx-8291|H5,0.0788,,0.0788
sphinx-doc__sphinx-8291|H6,0.1074,1.5238,1.5238
sphinx-doc__sphinx-8674|H1,0.0675,,0.0675
sphinx-doc__sphinx-8674|H2,-0.1346,1.5107,1.5107
sphinx-doc__sphinx-8674|H3,-0.1207,1.5308,1.5308
sphinx-doc__sphinx-8674|H4,-0.0804,1.4813,1.4813
sphinx-doc__sphinx-9461|H1,-0.1298,1.6275,1.6275
sphinx-doc__sphinx-9461|H2,-0.1108,1.5211,1.5211
sphinx-doc__sphinx-9461|H3,-0.2510,1.5211,1.5211
sphinx-doc__sphinx-9461|H4,-0.2185,1.5211,1.5211
sphinx-doc__sphinx-9461|H5,-0.1410,1.3027,1.3027
sphinx-doc__sphinx-9461|H6,-0.1037,,-0.1037
sphinx-doc__sphinx-9828|H1,0.0539,,0.0539
sphinx-doc__sphinx-9828|H2,-0.0877,1.6457,1.6457
sphinx-doc__sphinx-9828|H3,-0.0565,,-0.0565
sphinx-doc__sphinx-9828|H4,-0.0036,,-0.0036
sphinx-doc__sphinx-9828|H5,-0.0802,1.6317,1.6317
sympy__sympy-15011|H1,-0.2952,,-0.2952
sympy__sympy-15011|H2,-0.2988,1.4684,1.4684
sympy__sympy-15011|H3,-0.3035,1.4528,1.4528
sympy__sympy-18633|H1,-0.1955,,-0.1955
sympy__sympy-18633|H2,0.9657,,0.9657
sympy__sympy-18633|H3,-0.1756,,-0.1756
sympy__sympy-18633|H4,-0.1693,1.4981,1.4981
sympy__sympy-19040|H1,-0.1440,1.5215,1.5215
sympy__sympy-19040|H2,-0.1539,,-0.1539
sympy__sympy-20442|H1,-0.0588,1.4391,1.4391
sympy__sympy-20442|H2,-0.0881,,-0.0881
sympy__sympy-20442|H3,-0.1085,1.4391,1.4391
sympy__sympy-23413|H1,-0.1443,1.4588,1.4588
sympy__sympy-23413|H2,-0.1484,,-0.1484
sympy__sympy-23413|H3,-0.1223,,-0.1223
